[
{
    "domain": ".facebook.com",
    "expirationDate": 1790932694.594833,
    "hostOnly": false,
    "httpOnly": false,
    "name": "c_user",
    "path": "/",
    "sameSite": "no_restriction",
    "secure": true,
    "session": false,
    "storeId": "0",
    "value": "61579324193721",
    "id": 1
},
{
    "domain": ".facebook.com",
    "expirationDate": 1793956190.830675,
    "hostOnly": false,
    "httpOnly": true,
    "name": "datr",
    "path": "/",
    "sameSite": "no_restriction",
    "secure": true,
    "session": false,
    "storeId": "0",
    "value": "X0HeaF5zBVw2XsbZq_jex2jL",
    "id": 2
},
{
    "domain": ".facebook.com",
    "expirationDate": 1790932710,
    "hostOnly": false,
    "httpOnly": false,
    "name": "fbl_st",
    "path": "/",
    "sameSite": "strict",
    "secure": true,
    "session": false,
    "storeId": "0",
    "value": "101031733%3BT%3A29323278",
    "id": 3
},
{
    "domain": ".facebook.com",
    "expirationDate": 1760001507.743258,
    "hostOnly": false,
    "httpOnly": false,
    "name": "locale",
    "path": "/",
    "sameSite": "no_restriction",
    "secure": true,
    "session": false,
    "storeId": "0",
    "value": "it_IT",
    "id": 4
},
{
    "domain": ".facebook.com",
    "hostOnly": false,
    "httpOnly": false,
    "name": "m_pixel_ratio",
    "path": "/",
    "sameSite": "unspecified",
    "secure": true,
    "session": true,
    "storeId": "0",
    "value": "2",
    "id": 5
},
{
    "domain": ".facebook.com",
    "expirationDate": 1793956739.578037,
    "hostOnly": false,
    "httpOnly": true,
    "name": "oo",
    "path": "/",
    "sameSite": "no_restriction",
    "secure": true,
    "session": false,
    "storeId": "0",
    "value": "v1",
    "id": 6
},
{
    "domain": ".facebook.com",
    "expirationDate": 1793956707.743549,
    "hostOnly": false,
    "httpOnly": true,
    "name": "pas",
    "path": "/",
    "sameSite": "lax",
    "secure": true,
    "session": false,
    "storeId": "0",
    "value": "61579324193721%3AG7cpN1dxsT",
    "id": 7
},
{
    "domain": ".facebook.com",
    "expirationDate": 1793956192.879412,
    "hostOnly": false,
    "httpOnly": true,
    "name": "ps_l",
    "path": "/",
    "sameSite": "lax",
    "secure": true,
    "session": false,
    "storeId": "0",
    "value": "1",
    "id": 8
},
{
    "domain": ".facebook.com",
    "expirationDate": 1793956192.87965,
    "hostOnly": false,
    "httpOnly": true,
    "name": "ps_n",
    "path": "/",
    "sameSite": "no_restriction",
    "secure": true,
    "session": false,
    "storeId": "0",
    "value": "1",
    "id": 9
},
{
    "domain": ".facebook.com",
    "expirationDate": 1793956694.596007,
    "hostOnly": false,
    "httpOnly": true,
    "name": "sb",
    "path": "/",
    "sameSite": "no_restriction",
    "secure": true,
    "session": false,
    "storeId": "0",
    "value": "X0HeaFSgnSCw-gqrjBjcEB19",
    "id": 10
},
{
    "domain": ".facebook.com",
    "expirationDate": 1764580710,
    "hostOnly": false,
    "httpOnly": false,
    "name": "vpd",
    "path": "/",
    "sameSite": "lax",
    "secure": true,
    "session": false,
    "storeId": "0",
    "value": "v1%3B628x360x2",
    "id": 11
},
{
    "domain": ".facebook.com",
    "hostOnly": false,
    "httpOnly": false,
    "name": "wd",
    "path": "/",
    "sameSite": "unspecified",
    "secure": true,
    "session": true,
    "storeId": "0",
    "value": "360x820",
    "id": 12
},
{
    "domain": ".facebook.com",
    "expirationDate": 1767172709,
    "hostOnly": false,
    "httpOnly": false,
    "name": "wl_cbv",
    "path": "/",
    "sameSite": "no_restriction",
    "secure": true,
    "session": false,
    "storeId": "0",
    "value": "v2%3Bclient_version%3A2940%3Btimestamp%3A1759396708",
    "id": 13
},
{
    "domain": ".facebook.com",
    "expirationDate": 1790932694.596865,
    "hostOnly": false,
    "httpOnly": true,
    "name": "xs",
    "path": "/",
    "sameSite": "no_restriction",
    "secure": true,
    "session": false,
    "storeId": "0",
    "value": "9%3ALFjqS4roul7dtQ%3A2%3A1759396693%3A-1%3A-1",
    "id": 14
}
]