[
{
    "domain": ".facebook.com",
    "expirationDate": 1790924572.918342,
    "hostOnly": false,
    "httpOnly": false,
    "name": "c_user",
    "path": "/",
    "sameSite": "no_restriction",
    "secure": true,
    "session": false,
    "storeId": "0",
    "value": "61578868244909",
    "id": 1
},
{
    "domain": ".facebook.com",
    "expirationDate": 1793851882.271351,
    "hostOnly": false,
    "httpOnly": true,
    "name": "datr",
    "path": "/",
    "sameSite": "no_restriction",
    "secure": true,
    "session": false,
    "storeId": "0",
    "value": "66ncaBoSUKqQBS4KuW4LK516",
    "id": 2
},
{
    "domain": ".facebook.com",
    "expirationDate": 1759993420,
    "hostOnly": false,
    "httpOnly": false,
    "name": "dpr",
    "path": "/",
    "sameSite": "no_restriction",
    "secure": true,
    "session": false,
    "storeId": "0",
    "value": "2",
    "id": 3
},
{
    "domain": ".facebook.com",
    "expirationDate": 1790935515,
    "hostOnly": false,
    "httpOnly": false,
    "name": "fbl_st",
    "path": "/",
    "sameSite": "strict",
    "secure": true,
    "session": false,
    "storeId": "0",
    "value": "101219561%3BT%3A29323325",
    "id": 4
},
{
    "domain": ".facebook.com",
    "expirationDate": 1767175537.694606,
    "hostOnly": false,
    "httpOnly": true,
    "name": "fr",
    "path": "/",
    "sameSite": "unspecified",
    "secure": true,
    "session": false,
    "storeId": "0",
    "value": "0WJlLYQHXzi1o5glF.AWcmbt1w0sma33z-U9H1I0q266reJJSYv_6OZEchact0xZxPOqk.Bo3Knr..AAA.0.0.Bo3k5y.AWfAjlIZaSomBN1ZgRHi6cC5-og",
    "id": 5
},
{
    "domain": ".facebook.com",
    "expirationDate": 1759993391.136431,
    "hostOnly": false,
    "httpOnly": false,
    "name": "locale",
    "path": "/",
    "sameSite": "no_restriction",
    "secure": true,
    "session": false,
    "storeId": "0",
    "value": "it_IT",
    "id": 6
},
{
    "domain": ".facebook.com",
    "hostOnly": false,
    "httpOnly": false,
    "name": "m_pixel_ratio",
    "path": "/",
    "sameSite": "unspecified",
    "secure": true,
    "session": true,
    "storeId": "0",
    "value": "2",
    "id": 7
},
{
    "domain": ".facebook.com",
    "expirationDate": 1793959514.273248,
    "hostOnly": false,
    "httpOnly": true,
    "name": "pas",
    "path": "/",
    "sameSite": "lax",
    "secure": true,
    "session": false,
    "storeId": "0",
    "value": "61578868244909%3AkMmacsUNqS",
    "id": 8
},
{
    "domain": ".facebook.com",
    "hostOnly": false,
    "httpOnly": false,
    "name": "presence",
    "path": "/",
    "sameSite": "unspecified",
    "secure": true,
    "session": true,
    "storeId": "0",
    "value": "C%7B%22lm3%22%3A%22u.61578613281052%22%2C%22t3%22%3A%5B%7B%22o%22%3A0%2C%22i%22%3A%22u.61579182359156%22%7D%5D%2C%22utc3%22%3A1759399571241%2C%22v%22%3A1%7D",
    "id": 9
},
{
    "domain": ".facebook.com",
    "expirationDate": 1793851883.973941,
    "hostOnly": false,
    "httpOnly": true,
    "name": "ps_l",
    "path": "/",
    "sameSite": "lax",
    "secure": true,
    "session": false,
    "storeId": "0",
    "value": "1",
    "id": 10
},
{
    "domain": ".facebook.com",
    "expirationDate": 1793851883.97419,
    "hostOnly": false,
    "httpOnly": true,
    "name": "ps_n",
    "path": "/",
    "sameSite": "no_restriction",
    "secure": true,
    "session": false,
    "storeId": "0",
    "value": "1",
    "id": 11
},
{
    "domain": ".facebook.com",
    "expirationDate": 1793948572.919813,
    "hostOnly": false,
    "httpOnly": true,
    "name": "sb",
    "path": "/",
    "sameSite": "no_restriction",
    "secure": true,
    "session": false,
    "storeId": "0",
    "value": "66ncaDuIUiSNfkuIXAdw9Sc_",
    "id": 12
},
{
    "domain": ".facebook.com",
    "expirationDate": 1764583515,
    "hostOnly": false,
    "httpOnly": false,
    "name": "vpd",
    "path": "/",
    "sameSite": "lax",
    "secure": true,
    "session": false,
    "storeId": "0",
    "value": "v1%3B628x360x2",
    "id": 13
},
{
    "domain": ".facebook.com",
    "expirationDate": 1760004375,
    "hostOnly": false,
    "httpOnly": false,
    "name": "wd",
    "path": "/",
    "sameSite": "no_restriction",
    "secure": true,
    "session": false,
    "storeId": "0",
    "value": "980x1710",
    "id": 14
},
{
    "domain": ".facebook.com",
    "expirationDate": 1767175515,
    "hostOnly": false,
    "httpOnly": false,
    "name": "wl_cbv",
    "path": "/",
    "sameSite": "no_restriction",
    "secure": true,
    "session": false,
    "storeId": "0",
    "value": "v2%3Bclient_version%3A2940%3Btimestamp%3A1759399515",
    "id": 15
},
{
    "domain": ".facebook.com",
    "expirationDate": 1790924572.921174,
    "hostOnly": false,
    "httpOnly": true,
    "name": "xs",
    "path": "/",
    "sameSite": "no_restriction",
    "secure": true,
    "session": false,
    "storeId": "0",
    "value": "18%3ARngcDiMMIEjYiw%3A2%3A1759388570%3A-1%3A-1",
    "id": 16
}
]