{
  "photo_5976721454135363671_x.jpg": {
    "category": "unknown",
    "description": "AI not available",
    "is_uniform": false,
    "modified_time": 1759473419.0006251,
    "file_name": "photo_5976721454135363671_x.jpg"
  },
  "photo_5976721454135363672_x.jpg": {
    "category": "unknown",
    "description": "AI not available",
    "is_uniform": false,
    "modified_time": 1759473419.007635,
    "file_name": "photo_5976721454135363672_x.jpg"
  },
  "photo_5976721454135363673_y.jpg": {
    "category": "unknown",
    "description": "AI not available",
    "is_uniform": false,
    "modified_time": 1759473419.0121877,
    "file_name": "photo_5976721454135363673_y.jpg"
  },
  "photo_5976721454135363674_x.jpg": {
    "category": "unknown",
    "description": "AI not available",
    "is_uniform": false,
    "modified_time": 1759473419.0182254,
    "file_name": "photo_5976721454135363674_x.jpg"
  },
  "photo_5976721454135363730_x.jpg": {
    "category": "unknown",
    "description": "AI not available",
    "is_uniform": false,
    "modified_time": 1759473419.0227687,
    "file_name": "photo_5976721454135363730_x.jpg"
  },
  "photo_5976721454135363731_x.jpg": {
    "category": "unknown",
    "description": "AI not available",
    "is_uniform": false,
    "modified_time": 1759473419.0280945,
    "file_name": "photo_5976721454135363731_x.jpg"
  },
  "photo_5976721454135363732_y.jpg": {
    "category": "unknown",
    "description": "AI not available",
    "is_uniform": false,
    "modified_time": 1759473419.0341463,
    "file_name": "photo_5976721454135363732_y.jpg"
  },
  "photo_5976721454135363733_x.jpg": {
    "category": "unknown",
    "description": "AI not available",
    "is_uniform": false,
    "modified_time": 1759473419.0381727,
    "file_name": "photo_5976721454135363733_x.jpg"
  },
  "photo_5976721454135363734_x.jpg": {
    "category": "unknown",
    "description": "AI not available",
    "is_uniform": false,
    "modified_time": 1759473419.0429769,
    "file_name": "photo_5976721454135363734_x.jpg"
  }
}